,Actual,Predicted
Count,8540.0,8540.0
Mean,0.2528231850117096,0.2452174586765377
STD,0.2112478778284707,0.16193311536669924
Min,0.002,0.0308782097677187
25%,0.151,0.16371063000649053
50%,0.199,0.20497523358357156
75%,0.282,0.2705161735428695
Max,4.148,2.184316159215286
MSE,0.04921706283447674,
RMSE,0.22184918939332804,
MAE,0.11420565933435338,
