,Actual,Predicted
Count,9472.0,9472.0
Mean,0.22085831925675653,0.22060889371416859
STD,0.3345438985980307,0.32045584471882055
Min,0.0,0.0
25%,0.0,0.0
50%,0.0,0.0
75%,0.36,0.3860761389912633
Max,1.7,1.5067063465641723
MSE,0.04500069759062368,
RMSE,0.21213367858646037,
MAE,0.10852967259175031,
